File|Manual Only|Correct|Common|Correct|Incorrect|Temis Only|Correct|Incorrect|
FR-9789264026414-9806032e.pdf|[GeographicalAreas]: China|1|||||||
FR-9789264026414-9806032e.pdf|[GeographicalAreas]: Latvia|1|||||||
FR-9789264026414-9806032e.pdf|[GeographicalAreas]: Brazil|1|||||||
FR-9789264026414-9806032e.pdf|[GeographicalAreas]: Russian Federation|1|||||||
FR-9789264026414-9806032e.pdf|[Topics]: programme evaluation|1|||||||
FR-9789264026414-9806032e.pdf|[Topics]: educational research|1|||||||
FR-9789264026414-9806032e.pdf|[Topics]: mathematics|1|||||||
FR-9789264026414-9806032e.pdf|[Topics]: college students|1|||||||
FR-9789264026414-9806032e.pdf|[Topics]: educational systems|1|||||||
FR-9789264026414-9806032e.pdf|||[GeographicalAreas]: OECD countries|1|||||
FR-9789264026414-9806032e.pdf|||[Topics]: reading|1|||||
FR-9789264026414-9806032e.pdf|||[Topics]: knowledge|1|||||
FR-9789264026414-9806032e.pdf|||[Topics]: science|1|||||
FR-9789264026414-9806032e.pdf||||||[GeographicalAreas]: Partner economies|1||
FR-9789264026414-9806032e.pdf||||||[GeographicalAreas]: France|1||
FR-9789264026414-9806032e.pdf||||||[GeographicalAreas]: Paris|1||
FR-9789264026414-9806032e.pdf||||||[GeographicalAreas]: Warsaw|1||
FR-9789264026414-9806032e.pdf||||||[GeographicalAreas]: Scotland|1||
FR-9789264026414-9806032e.pdf||||||[GeographicalAreas]: Lyon|1||
FR-9789264026414-9806032e.pdf||||||[GeographicalAreas]: United Arab Emirates|1||
FR-9789264026414-9806032e.pdf||||||[GeographicalAreas]: World|1||
FR-9789264026414-9806032e.pdf||||||[GeographicalAreas]: MENA countries|1||
FR-9789264026414-9806032e.pdf||||||[GeographicalAreas]: Dordrecht|1||
FR-9789264026414-9806032e.pdf||||||[GeographicalAreas]: Indonesia|1||
FR-9789264026414-9806032e.pdf||||||[GeographicalAreas]: Java|1||
FR-9789264026414-9806032e.pdf||||||[GeographicalAreas]: Borneo|1||
FR-9789264026414-9806032e.pdf||||||[GeographicalAreas]: Chad|1||
FR-9789264026414-9806032e.pdf||||||[Topics]: surveys|1||
FR-9789264026414-9806032e.pdf||||||[Topics]: groups|1||
FR-9789264026414-9806032e.pdf||||||[Topics]: attitudes|1||
FR-9789264026414-9806032e.pdf||||||[Topics]: science and technology|1||
FR-9789264026414-9806032e.pdf||||||[Topics]: culture|1||
FR-9789264026414-9806032e.pdf||||||[Topics]: credit|1||
FR-9789264026414-9806032e.pdf||||||[Topics]: information|1||
FR-9789264026414-9806032e.pdf||||||[Topics]: scientific culture|1||
FR-9789264026414-9806032e.pdf||||||[Topics]: managers|1||
FR-9789264026414-9806032e.pdf||||||[Topics]: assessment|1||
FR-9789264026414-9806032e.pdf||||||[Topics]: skills|1||
FR-9789264026414-9806032e.pdf||||||[Topics]: students|1||
|||||||||
EN-9789264031821-0407061e.pdf|[Topics]: regional integration|1|||||||
EN-9789264031821-0407061e.pdf|[Topics]: national policy|1|||||||
EN-9789264031821-0407061e.pdf|||[Topics]: innovations|1|||||
EN-9789264031821-0407061e.pdf||||||[GeographicalAreas]: France|1||
EN-9789264031821-0407061e.pdf||||||[GeographicalAreas]: United States|1||
EN-9789264031821-0407061e.pdf||||||[GeographicalAreas]: Oregon|1||
EN-9789264031821-0407061e.pdf||||||[GeographicalAreas]: Georgia|1||
EN-9789264031821-0407061e.pdf||||||[GeographicalAreas]: United Kingdom|1||
EN-9789264031821-0407061e.pdf||||||[GeographicalAreas]: Sweden|1||
EN-9789264031821-0407061e.pdf||||||[GeographicalAreas]: Spain|1||
EN-9789264031821-0407061e.pdf||||||[GeographicalAreas]: Italy|1||
EN-9789264031821-0407061e.pdf||||||[GeographicalAreas]: Norway|1||
EN-9789264031821-0407061e.pdf||||||[GeographicalAreas]: Republic of Korea|1||
EN-9789264031821-0407061e.pdf||||||[GeographicalAreas]: Japan|1||
EN-9789264031821-0407061e.pdf||||||[GeographicalAreas]: Democratic Republic of Germany|1||
EN-9789264031821-0407061e.pdf||||||[GeographicalAreas]: Finland|1||
EN-9789264031821-0407061e.pdf||||||[GeographicalAreas]: Czech Republic|1||
EN-9789264031821-0407061e.pdf||||||[GeographicalAreas]: Canada|1||
EN-9789264031821-0407061e.pdf||||||[Topics]: competitiveness|1||
EN-9789264031821-0407061e.pdf||||||[Topics]: government|1||
EN-9789264031821-0407061e.pdf||||||[Topics]: economic development|1||
EN-9789264031821-0407061e.pdf||||||[Topics]: state|1||
EN-9789264031821-0407061e.pdf||||||[Topics]: business|1||
EN-9789264031821-0407061e.pdf||||||[Topics]: universities|1||
EN-9789264031821-0407061e.pdf||||||[Topics]: regional policy|1||
EN-9789264031821-0407061e.pdf||||||[Topics]: networks|1||
EN-9789264031821-0407061e.pdf||||||[Topics]: technology|1||
EN-9789264031821-0407061e.pdf||||||[Topics]: research|1||
EN-9789264031821-0407061e.pdf||||||[Topics]: regional development|1||
EN-9789264031821-0407061e.pdf||||||[Topics]: industry|1||
EN-9789264031821-0407061e.pdf||||||[Topics]: information and communications technology|1||
EN-9789264031821-0407061e.pdf||||||[Topics]: enterprises|1||
|||||||||
EN-9789264018556-2204051e.pdf|[Topics]: adaptation to change|1|||||||
EN-9789264018556-2204051e.pdf|[Topics]: industrial structure|1|||||||
EN-9789264018556-2204051e.pdf|[Topics]: technological change|1|||||||
EN-9789264018556-2204051e.pdf|||[Topics]: clothing industry|1|||||
EN-9789264018556-2204051e.pdf|||[Topics]: textile industry|1|||||
EN-9789264018556-2204051e.pdf||||||[GeographicalAreas]: World|1||
EN-9789264018556-2204051e.pdf||||||[GeographicalAreas]: China|1||
EN-9789264018556-2204051e.pdf||||||[GeographicalAreas]: Developing countries|1||
EN-9789264018556-2204051e.pdf||||||[GeographicalAreas]: Developed countries|1||
EN-9789264018556-2204051e.pdf||||||[GeographicalAreas]: United States|1||
EN-9789264018556-2204051e.pdf||||||[GeographicalAreas]: Chinese Taipei|1||
EN-9789264018556-2204051e.pdf||||||[GeographicalAreas]: Japan|1||
EN-9789264018556-2204051e.pdf||||||[GeographicalAreas]: OECD countries|1||
EN-9789264018556-2204051e.pdf||||||[GeographicalAreas]: United Kingdom|1||
EN-9789264018556-2204051e.pdf||||||[GeographicalAreas]: European Union|1||
EN-9789264018556-2204051e.pdf||||||[GeographicalAreas]: Central and Eastern Europe|1||
EN-9789264018556-2204051e.pdf||||||[GeographicalAreas]: Non-OECD countries|1||
EN-9789264018556-2204051e.pdf||||||[GeographicalAreas]: Mexico|1||
EN-9789264018556-2204051e.pdf||||||[GeographicalAreas]: Dominican Republic|1||
EN-9789264018556-2204051e.pdf||||||[GeographicalAreas]: Least developed countries|1||
EN-9789264018556-2204051e.pdf||||||[Topics]: unemployment insurance|1||
EN-9789264018556-2204051e.pdf||||||[Topics]: exports|1||
EN-9789264018556-2204051e.pdf||||||[Topics]: state|1||
EN-9789264018556-2204051e.pdf||||||[Topics]: suppliers|1||
EN-9789264018556-2204051e.pdf||||||[Topics]: imports|1||
EN-9789264018556-2204051e.pdf||||||[Topics]: mutual agreement procedure|1||
EN-9789264018556-2204051e.pdf||||||[Topics]: tariffs|1||
EN-9789264018556-2204051e.pdf||||||[Topics]: market|1||
EN-9789264018556-2204051e.pdf||||||[Topics]: trade|1||
EN-9789264018556-2204051e.pdf||||||[Topics]: products|1||
EN-9789264018556-2204051e.pdf||||||[Topics]: production|1||
EN-9789264018556-2204051e.pdf||||||[Topics]: workers|1||
EN-9789264018556-2204051e.pdf||||||[Topics]: textiles|1||
|||||||||
EN-9789264197190-9302011e.pdf|||[Topics]: data protection|1|||||
EN-9789264197190-9302011e.pdf|||[Topics]: guidelines|1|||||
EN-9789264197190-9302011e.pdf|||[Topics]: privacy protection|1|||||
EN-9789264197190-9302011e.pdf|||[Topics]: transnational data flow|1|||||
EN-9789264197190-9302011e.pdf||||||[GeographicalAreas]: France|1||
EN-9789264197190-9302011e.pdf||||||[GeographicalAreas]: Paris|1||
EN-9789264197190-9302011e.pdf||||||[GeographicalAreas]: Non-OECD countries|1||
EN-9789264197190-9302011e.pdf||||||[GeographicalAreas]: OECD countries|1||
EN-9789264197190-9302011e.pdf||||||[GeographicalAreas]: Developing countries|1||
EN-9789264197190-9302011e.pdf||||||[GeographicalAreas]: Ottawa|1||
EN-9789264197190-9302011e.pdf||||||[GeographicalAreas]: World|1||
EN-9789264197190-9302011e.pdf||||||[GeographicalAreas]: Southeast Europe|1||
EN-9789264197190-9302011e.pdf||||||[GeographicalAreas]: United States|1||
EN-9789264197190-9302011e.pdf||||||[GeographicalAreas]: OECD area|1||
EN-9789264197190-9302011e.pdf||||||[GeographicalAreas]: Continental Europe|1||
EN-9789264197190-9302011e.pdf||||||[GeographicalAreas]: Slovak Republic|1||
EN-9789264197190-9302011e.pdf||||||[GeographicalAreas]: Czech Republic|1||
EN-9789264197190-9302011e.pdf||||||[GeographicalAreas]: United Kingdom|1||
EN-9789264197190-9302011e.pdf||||||[Topics]: legislation|1||
EN-9789264197190-9302011e.pdf||||||[Topics]: use of data|1||
EN-9789264197190-9302011e.pdf||||||[Topics]: information|1||
EN-9789264197190-9302011e.pdf||||||[Topics]: interest|1||
EN-9789264197190-9302011e.pdf||||||[Topics]: groups|1||
EN-9789264197190-9302011e.pdf||||||[Topics]: networks|1||
EN-9789264197190-9302011e.pdf||||||[Topics]: law|1||
EN-9789264197190-9302011e.pdf||||||[Topics]: data collecting|1||
EN-9789264197190-9302011e.pdf||||||[Topics]: privacy|1||
EN-9789264197190-9302011e.pdf||||||[Topics]: data processing|1||
EN-9789264197190-9302011e.pdf||||||[Topics]: personal data|1||
|||||||||
EN-9789264111233-5111051e.pdf|[Topics]: fishery|1|||||||
EN-9789264111233-5111051e.pdf|[Topics]: agricultural policy|1|||||||
EN-9789264111233-5111051e.pdf|||[Topics]: agriculture|1|||||
EN-9789264111233-5111051e.pdf|||[Topics]: sustainable growth|1|||||
EN-9789264111233-5111051e.pdf||||||[GeographicalAreas]: Paris|1||
EN-9789264111233-5111051e.pdf||||||[GeographicalAreas]: United States|1||
EN-9789264111233-5111051e.pdf||||||[GeographicalAreas]: United Kingdom|1||
EN-9789264111233-5111051e.pdf||||||[GeographicalAreas]: Slovak Republic|1||
EN-9789264111233-5111051e.pdf||||||[GeographicalAreas]: New Zealand|1||
EN-9789264111233-5111051e.pdf||||||[GeographicalAreas]: Republic of Korea|1||
EN-9789264111233-5111051e.pdf||||||[GeographicalAreas]: Czech Republic|1||
EN-9789264111233-5111051e.pdf||||||[GeographicalAreas]: OECD countries|1||
EN-9789264111233-5111051e.pdf||||||[GeographicalAreas]: Rome|1||
EN-9789264111233-5111051e.pdf||||||[GeographicalAreas]: Developing countries|1||
EN-9789264111233-5111051e.pdf||||||[GeographicalAreas]: Developed countries|1||
EN-9789264111233-5111051e.pdf||||||[GeographicalAreas]: World|1||
EN-9789264111233-5111051e.pdf||||||[GeographicalAreas]: EU15 countries|1||
EN-9789264111233-5111051e.pdf||||||[GeographicalAreas]: Africa South of Sahara|1||
EN-9789264111233-5111051e.pdf||||||[GeographicalAreas]: European Union|1||
EN-9789264111233-5111051e.pdf||||||[Topics]: food production|1||
EN-9789264111233-5111051e.pdf||||||[Topics]: economic growth|1||
EN-9789264111233-5111051e.pdf||||||[Topics]: land|1||
EN-9789264111233-5111051e.pdf||||||[Topics]: measurement|1||
EN-9789264111233-5111051e.pdf||||||[Topics]: farmers|1||
EN-9789264111233-5111051e.pdf||||||[Topics]: agricultural production|1||
EN-9789264111233-5111051e.pdf||||||[Topics]: greenhouse gas emissions|1||
EN-9789264111233-5111051e.pdf||||||[Topics]: water|1||
EN-9789264111233-5111051e.pdf||||||[Topics]: natural resources|1||
EN-9789264111233-5111051e.pdf||||||[Topics]: climate change|1||
EN-9789264111233-5111051e.pdf||||||[Topics]: green growth strategy|1||
EN-9789264111233-5111051e.pdf||||||[Topics]: production|1||
EN-9789264111233-5111051e.pdf||||||[Topics]: food|1||
|||||||||
EN-9789264042933-4208061e.pdf|[Topics]: governance|1|||||||
EN-9789264042933-4208061e.pdf|[Topics]: government policy|1|||||||
EN-9789264042933-4208061e.pdf|||[GeographicalAreas]: Brazil|1|||||
EN-9789264042933-4208061e.pdf|||[Topics]: regulations|1|||||
EN-9789264042933-4208061e.pdf||||||[GeographicalAreas]: France|1||
EN-9789264042933-4208061e.pdf||||||[GeographicalAreas]: Canada|1||
EN-9789264042933-4208061e.pdf||||||[GeographicalAreas]: Australia|1||
EN-9789264042933-4208061e.pdf||||||[GeographicalAreas]: United States|1||
EN-9789264042933-4208061e.pdf||||||[GeographicalAreas]: United Kingdom|1||
EN-9789264042933-4208061e.pdf||||||[GeographicalAreas]: Spain|1||
EN-9789264042933-4208061e.pdf||||||[GeographicalAreas]: Mexico|1||
EN-9789264042933-4208061e.pdf||||||[GeographicalAreas]: Southeast Europe|1||
EN-9789264042933-4208061e.pdf||||||[GeographicalAreas]: State of SÃ£o Paulo|1||
EN-9789264042933-4208061e.pdf||||||[GeographicalAreas]: Latin America|1||
EN-9789264042933-4208061e.pdf||||||[GeographicalAreas]: Europe|1||
EN-9789264042933-4208061e.pdf||||||[GeographicalAreas]: OECD countries|1||
EN-9789264042933-4208061e.pdf||||||[GeographicalAreas]: Brasilia|1||
EN-9789264042933-4208061e.pdf||||||[Topics]: processing|1||
EN-9789264042933-4208061e.pdf||||||[Topics]: transport industry|1||
EN-9789264042933-4208061e.pdf||||||[Topics]: energy|1||
EN-9789264042933-4208061e.pdf||||||[Topics]: telecommunications|1||
EN-9789264042933-4208061e.pdf||||||[Topics]: consumers|1||
EN-9789264042933-4208061e.pdf||||||[Topics]: competition|1||
EN-9789264042933-4208061e.pdf||||||[Topics]: transport|1||
EN-9789264042933-4208061e.pdf||||||[Topics]: marketing|1||
EN-9789264042933-4208061e.pdf||||||[Topics]: government|1||
EN-9789264042933-4208061e.pdf||||||[Topics]: market|1||
EN-9789264042933-4208061e.pdf||||||[Topics]: state|1||
EN-9789264042933-4208061e.pdf||||||[Topics]: law|1||
EN-9789264042933-4208061e.pdf||||||[Topics]: health insurance|1||
EN-9789264042933-4208061e.pdf||||||[Topics]: regulatory reform|1||
|||||||||
EN-9789264108677-8104171e.pdf|[Topics]: manpower planning|1|||||||
EN-9789264108677-8104171e.pdf|[Topics]: labour policy|1|||||||
EN-9789264108677-8104171e.pdf|[Topics]: international agreements|1|||||||
EN-9789264108677-8104171e.pdf|||[Topics]: migrant workers|1|||||
EN-9789264108677-8104171e.pdf|||[Topics]: recruitment|1|||||
EN-9789264108677-8104171e.pdf|||[Topics]: migration|1|||||
EN-9789264108677-8104171e.pdf|||[Topics]: employment|1|||||
EN-9789264108677-8104171e.pdf||||||[GeographicalAreas]: France|1||
EN-9789264108677-8104171e.pdf||||||[GeographicalAreas]: Switzerland|1||
EN-9789264108677-8104171e.pdf||||||[GeographicalAreas]: Philippines|1||
EN-9789264108677-8104171e.pdf||||||[GeographicalAreas]: Romania|1||
EN-9789264108677-8104171e.pdf||||||[GeographicalAreas]: Italy|1||
EN-9789264108677-8104171e.pdf||||||[GeographicalAreas]: Germany|1||
EN-9789264108677-8104171e.pdf||||||[GeographicalAreas]: United States|1||
EN-9789264108677-8104171e.pdf||||||[GeographicalAreas]: Poland|1||
EN-9789264108677-8104171e.pdf||||||[GeographicalAreas]: United Kingdom|1||
EN-9789264108677-8104171e.pdf||||||[GeographicalAreas]: Czech Republic|1||
EN-9789264108677-8104171e.pdf||||||[GeographicalAreas]: New Zealand|1||
EN-9789264108677-8104171e.pdf||||||[GeographicalAreas]: Slovak Republic|1||
EN-9789264108677-8104171e.pdf||||||[GeographicalAreas]: Receiving countries|1||
EN-9789264108677-8104171e.pdf||||||[GeographicalAreas]: Central and Eastern Europe|1||
EN-9789264108677-8104171e.pdf||||||[GeographicalAreas]: European Union|1||
EN-9789264108677-8104171e.pdf||||||[Topics]: foreigners|1||
EN-9789264108677-8104171e.pdf||||||[Topics]: immigration|1||
EN-9789264108677-8104171e.pdf||||||[Topics]: seasonal workers|1||
EN-9789264108677-8104171e.pdf||||||[Topics]: labour migration|1||
EN-9789264108677-8104171e.pdf||||||[Topics]: nationals|1||
EN-9789264108677-8104171e.pdf||||||[Topics]: employers|1||
EN-9789264108677-8104171e.pdf||||||[Topics]: foreign workers|1||
EN-9789264108677-8104171e.pdf||||||[Topics]: workers|1||
EN-9789264108677-8104171e.pdf||||||[Topics]: work permit|1||
EN-9789264108677-8104171e.pdf||||||[Topics]: labour market|1||
EN-9789264108677-8104171e.pdf||||||[Topics]: labour|1||
|||||||||
EN-9789264099227-9703031e.pdf|[Topics]: environmental protection|1|||||||
EN-9789264099227-9703031e.pdf|[Topics]: sustainable development|1|||||||
EN-9789264099227-9703031e.pdf|[Topics]: trade opportunities|1|||||||
EN-9789264099227-9703031e.pdf|[Topics]: access to markets|1|||||||
EN-9789264099227-9703031e.pdf|||[Topics]: biodiversity|1|||||
EN-9789264099227-9703031e.pdf||||||[GeographicalAreas]: Paris|1||
EN-9789264099227-9703031e.pdf||||||[GeographicalAreas]: Brazil|1||
EN-9789264099227-9703031e.pdf||||||[GeographicalAreas]: Washington, D.C.|1||
EN-9789264099227-9703031e.pdf||||||[GeographicalAreas]: World|1||
EN-9789264099227-9703031e.pdf||||||[GeographicalAreas]: United States|1||
EN-9789264099227-9703031e.pdf||||||[GeographicalAreas]: Latin America|1||
EN-9789264099227-9703031e.pdf||||||[GeographicalAreas]: New York City|1||
EN-9789264099227-9703031e.pdf||||||[GeographicalAreas]: Central America|1||
EN-9789264099227-9703031e.pdf||||||[GeographicalAreas]: Southern Africa|1||
EN-9789264099227-9703031e.pdf||||||[GeographicalAreas]: Developing countries|1||
EN-9789264099227-9703031e.pdf||||||[GeographicalAreas]: Africa|1||
EN-9789264099227-9703031e.pdf||||||[GeographicalAreas]: Costa Rica|1||
EN-9789264099227-9703031e.pdf||||||[GeographicalAreas]: Ecuador|1||
EN-9789264099227-9703031e.pdf||||||[GeographicalAreas]: Developed countries|1||
EN-9789264099227-9703031e.pdf||||||[GeographicalAreas]: Zimbabwe|1||
EN-9789264099227-9703031e.pdf||||||[Topics]: private sector|1||
EN-9789264099227-9703031e.pdf||||||[Topics]: genetic resources|1||
EN-9789264099227-9703031e.pdf||||||[Topics]: investment|1||
EN-9789264099227-9703031e.pdf||||||[Topics]: property rights|1||
EN-9789264099227-9703031e.pdf||||||[Topics]: consumers|1||
EN-9789264099227-9703031e.pdf||||||[Topics]: agriculture|1||
EN-9789264099227-9703031e.pdf||||||[Topics]: ecosystems|1||
EN-9789264099227-9703031e.pdf||||||[Topics]: government|1||
EN-9789264099227-9703031e.pdf||||||[Topics]: information|1||
EN-9789264099227-9703031e.pdf||||||[Topics]: goods|1||
EN-9789264099227-9703031e.pdf||||||[Topics]: products|1||
EN-9789264099227-9703031e.pdf||||||[Topics]: resources conservation|1||
EN-9789264099227-9703031e.pdf||||||[Topics]: marketing|1||
EN-9789264099227-9703031e.pdf||||||[Topics]: market|1||
|||||||||
EN-9789264028838-4107111e.pdf|||[GeographicalAreas]: Developing countries|1|||||
EN-9789264028838-4107111e.pdf|||[Topics]: public sector|1|||||
EN-9789264028838-4107111e.pdf|||[Topics]: private sector|1|||||
EN-9789264028838-4107111e.pdf||||||[GeographicalAreas]: World|1||
EN-9789264028838-4107111e.pdf||||||[GeographicalAreas]: Fragile states|1||
EN-9789264028838-4107111e.pdf||||||[GeographicalAreas]: New York City|1||
EN-9789264028838-4107111e.pdf||||||[GeographicalAreas]: Republic of Korea|1||
EN-9789264028838-4107111e.pdf||||||[GeographicalAreas]: Africa|1||
EN-9789264028838-4107111e.pdf||||||[GeographicalAreas]: London|1||
EN-9789264028838-4107111e.pdf||||||[GeographicalAreas]: Latin America|1||
EN-9789264028838-4107111e.pdf||||||[GeographicalAreas]: Nigeria|1||
EN-9789264028838-4107111e.pdf||||||[GeographicalAreas]: Africa South of Sahara|1||
EN-9789264028838-4107111e.pdf||||||[GeographicalAreas]: Ghana|1||
EN-9789264028838-4107111e.pdf||||||[GeographicalAreas]: Chinese Taipei|1||
EN-9789264028838-4107111e.pdf||||||[GeographicalAreas]: Least developed countries|1||
EN-9789264028838-4107111e.pdf||||||[GeographicalAreas]: Southeast Europe|1||
EN-9789264028838-4107111e.pdf||||||[GeographicalAreas]: Industrial countries|1||
EN-9789264028838-4107111e.pdf||||||[Topics]: civil society|1||
EN-9789264028838-4107111e.pdf||||||[Topics]: press|1||
EN-9789264028838-4107111e.pdf||||||[Topics]: economics|1||
EN-9789264028838-4107111e.pdf||||||[Topics]: economic policy|1||
EN-9789264028838-4107111e.pdf||||||[Topics]: country dialogue|1||
EN-9789264028838-4107111e.pdf||||||[Topics]: risk|1||
EN-9789264028838-4107111e.pdf||||||[Topics]: bureaucracy|1||
EN-9789264028838-4107111e.pdf||||||[Topics]: occupational organisations|1||
EN-9789264028838-4107111e.pdf||||||[Topics]: government policy|1||
EN-9789264028838-4107111e.pdf||||||[Topics]: development centres|1||
EN-9789264028838-4107111e.pdf||||||[Topics]: business|1||
EN-9789264028838-4107111e.pdf||||||[Topics]: government|1||
EN-9789264028838-4107111e.pdf||||||[Topics]: state|1||
|||||||||
EN-9789264179363-8112101e.pdf|[Topics]: government policy|1|||||||
EN-9789264179363-8112101e.pdf|[Topics]: women's status|1|||||||
EN-9789264179363-8112101e.pdf|[Topics]: mothers|1|||||||
EN-9789264179363-8112101e.pdf|[Topics]: women workers|1|||||||
EN-9789264179363-8112101e.pdf|[Topics]: entrepreneurship|1|||||||
EN-9789264179363-8112101e.pdf|||[Topics]: employment|1|||||
EN-9789264179363-8112101e.pdf|||[Topics]: gender equality|1|||||
EN-9789264179363-8112101e.pdf||||||[GeographicalAreas]: Paris|1||
EN-9789264179363-8112101e.pdf||||||[GeographicalAreas]: United States|1||
EN-9789264179363-8112101e.pdf||||||[GeographicalAreas]: United Kingdom|1||
EN-9789264179363-8112101e.pdf||||||[GeographicalAreas]: Slovak Republic|1||
EN-9789264179363-8112101e.pdf||||||[GeographicalAreas]: Mexico|1||
EN-9789264179363-8112101e.pdf||||||[GeographicalAreas]: Czech Republic|1||
EN-9789264179363-8112101e.pdf||||||[GeographicalAreas]: OECD countries|1||
EN-9789264179363-8112101e.pdf||||||[GeographicalAreas]: MENA countries|1||
EN-9789264179363-8112101e.pdf||||||[GeographicalAreas]: South Africa|1||
EN-9789264179363-8112101e.pdf||||||[GeographicalAreas]: Central and Eastern Europe|1||
EN-9789264179363-8112101e.pdf||||||[GeographicalAreas]: Developing countries|1||
EN-9789264179363-8112101e.pdf||||||[GeographicalAreas]: Southern Africa|1||
EN-9789264179363-8112101e.pdf||||||[GeographicalAreas]: East Africa|1||
EN-9789264179363-8112101e.pdf||||||[GeographicalAreas]: Southern Asia|1||
EN-9789264179363-8112101e.pdf||||||[GeographicalAreas]: Lao People's Democratic Republic|1||
EN-9789264179363-8112101e.pdf||||||[Topics]: wages|1||
EN-9789264179363-8112101e.pdf||||||[Topics]: education|1||
EN-9789264179363-8112101e.pdf||||||[Topics]: labour market|1||
EN-9789264179363-8112101e.pdf||||||[Topics]: girls|1||
EN-9789264179363-8112101e.pdf||||||[Topics]: gender pay gap|1||
EN-9789264179363-8112101e.pdf||||||[Topics]: business|1||
EN-9789264179363-8112101e.pdf||||||[Topics]: labour force participation|1||
EN-9789264179363-8112101e.pdf||||||[Topics]: enterprises|1||
EN-9789264179363-8112101e.pdf||||||[Topics]: labour|1||
EN-9789264179363-8112101e.pdf||||||[Topics]: gender roles|1||
EN-9789264179363-8112101e.pdf||||||[Topics]: men|1||
EN-9789264179363-8112101e.pdf||||||[Topics]: gender discrimination|1||
EN-9789264179363-8112101e.pdf||||||[Topics]: women|1||
|||||||||
FR-9789282113202-7504062e.pdf|[Topics]: conference reports|1|||||||
FR-9789282113202-7504062e.pdf|[Topics]: freight|1|||||||
FR-9789282113202-7504062e.pdf|[Topics]: transport economics|1|||||||
FR-9789282113202-7504062e.pdf|||[GeographicalAreas]: Europe|1|||||
FR-9789282113202-7504062e.pdf|||[Topics]: railway transport|1|||||
FR-9789282113202-7504062e.pdf||||||[GeographicalAreas]: France|1||
FR-9789282113202-7504062e.pdf||||||[GeographicalAreas]: Brussels|1||
FR-9789282113202-7504062e.pdf||||||[GeographicalAreas]: Switzerland|1||
FR-9789282113202-7504062e.pdf||||||[GeographicalAreas]: Italy|1||
FR-9789282113202-7504062e.pdf||||||[GeographicalAreas]: Rome|1||
FR-9789282113202-7504062e.pdf||||||[GeographicalAreas]: Germany|1||
FR-9789282113202-7504062e.pdf||||||[GeographicalAreas]: Milan|1||
FR-9789282113202-7504062e.pdf||||||[GeographicalAreas]: Alps|1||
FR-9789282113202-7504062e.pdf||||||[GeographicalAreas]: Western Europe|1||
FR-9789282113202-7504062e.pdf||||||[GeographicalAreas]: London|1||
FR-9789282113202-7504062e.pdf||||||[GeographicalAreas]: Great Britain|1||
FR-9789282113202-7504062e.pdf||||||[GeographicalAreas]: Mediterranean|1||
FR-9789282113202-7504062e.pdf||||||[GeographicalAreas]: Central and Eastern Europe|1||
FR-9789282113202-7504062e.pdf||||||[GeographicalAreas]: European Union|1||
FR-9789282113202-7504062e.pdf||||||[Topics]: privatisation|1||
FR-9789282113202-7504062e.pdf||||||[Topics]: reports|1||
FR-9789282113202-7504062e.pdf||||||[Topics]: roads|1||
FR-9789282113202-7504062e.pdf||||||[Topics]: trains|1||
FR-9789282113202-7504062e.pdf||||||[Topics]: infrastructure|1||
FR-9789282113202-7504062e.pdf||||||[Topics]: competition|1||
FR-9789282113202-7504062e.pdf||||||[Topics]: corporations|1||
FR-9789282113202-7504062e.pdf||||||[Topics]: networks|1||
FR-9789282113202-7504062e.pdf||||||[Topics]: costs|1||
FR-9789282113202-7504062e.pdf||||||[Topics]: enterprises|1||
FR-9789282113202-7504062e.pdf||||||[Topics]: market|1||
FR-9789282113202-7504062e.pdf||||||[Topics]: goods|1||
FR-9789282113202-7504062e.pdf||||||[Topics]: transport|1||
FR-9789282113202-7504062e.pdf||||||[Topics]: railways|1||
|||||||||
EN-9789264115651-9211081e.pdf|[Topics]: country studies|1|||||||
EN-9789264115651-9211081e.pdf|||[Topics]: business|1|||||
EN-9789264115651-9211081e.pdf|||[Topics]: innovations|1|||||
EN-9789264115651-9211081e.pdf||||||[GeographicalAreas]: Canada|1||
EN-9789264115651-9211081e.pdf||||||[GeographicalAreas]: Paris|1||
EN-9789264115651-9211081e.pdf||||||[GeographicalAreas]: United States|1||
EN-9789264115651-9211081e.pdf||||||[GeographicalAreas]: United Kingdom|1||
EN-9789264115651-9211081e.pdf||||||[GeographicalAreas]: Norway|1||
EN-9789264115651-9211081e.pdf||||||[GeographicalAreas]: Netherlands|1||
EN-9789264115651-9211081e.pdf||||||[GeographicalAreas]: Finland|1||
EN-9789264115651-9211081e.pdf||||||[GeographicalAreas]: Denmark|1||
EN-9789264115651-9211081e.pdf||||||[GeographicalAreas]: Australia|1||
EN-9789264115651-9211081e.pdf||||||[GeographicalAreas]: OECD countries|1||
EN-9789264115651-9211081e.pdf||||||[GeographicalAreas]: Europe|1||
EN-9789264115651-9211081e.pdf||||||[GeographicalAreas]: Southeast Europe|1||
EN-9789264115651-9211081e.pdf||||||[GeographicalAreas]: Cyprus|1||
EN-9789264115651-9211081e.pdf||||||[GeographicalAreas]: Alberta|1||
EN-9789264115651-9211081e.pdf||||||[Topics]: marketing|1||
EN-9789264115651-9211081e.pdf||||||[Topics]: standards|1||
EN-9789264115651-9211081e.pdf||||||[Topics]: technology|1||
EN-9789264115651-9211081e.pdf||||||[Topics]: research|1||
EN-9789264115651-9211081e.pdf||||||[Topics]: market|1||
EN-9789264115651-9211081e.pdf||||||[Topics]: comparison|1||
EN-9789264115651-9211081e.pdf||||||[Topics]: government|1||
EN-9789264115651-9211081e.pdf||||||[Topics]: government purchasing|1||
EN-9789264115651-9211081e.pdf||||||[Topics]: evaluation|1||
EN-9789264115651-9211081e.pdf||||||[Topics]: tax credit|1||
EN-9789264115651-9211081e.pdf||||||[Topics]: public support|1||
EN-9789264115651-9211081e.pdf||||||[Topics]: enterprises|1||
EN-9789264115651-9211081e.pdf||||||[Topics]: innovation policy|1||
|||||||||
EN-9789264034297-6107241e.pdf|[Topics]: energy utilization|1|||||||
EN-9789264034297-6107241e.pdf|[Topics]: indicators|1|||||||
EN-9789264034297-6107241e.pdf|[Topics]: projections|1|||||||
EN-9789264034297-6107241e.pdf|[Topics]: energy statistics|1|||||||
EN-9789264034297-6107241e.pdf|||[GeographicalAreas]: IEA countries|1|||||
EN-9789264034297-6107241e.pdf||||||[GeographicalAreas]: France|1||
EN-9789264034297-6107241e.pdf||||||[GeographicalAreas]: United Kingdom|1||
EN-9789264034297-6107241e.pdf||||||[GeographicalAreas]: United States|1||
EN-9789264034297-6107241e.pdf||||||[GeographicalAreas]: Sweden|1||
EN-9789264034297-6107241e.pdf||||||[GeographicalAreas]: Norway|1||
EN-9789264034297-6107241e.pdf||||||[GeographicalAreas]: New Zealand|1||
EN-9789264034297-6107241e.pdf||||||[GeographicalAreas]: Japan|1||
EN-9789264034297-6107241e.pdf||||||[GeographicalAreas]: Italy|1||
EN-9789264034297-6107241e.pdf||||||[GeographicalAreas]: Greece|1||
EN-9789264034297-6107241e.pdf||||||[GeographicalAreas]: Finland|1||
EN-9789264034297-6107241e.pdf||||||[GeographicalAreas]: Denmark|1||
EN-9789264034297-6107241e.pdf||||||[GeographicalAreas]: Canada|1||
EN-9789264034297-6107241e.pdf||||||[GeographicalAreas]: Austria|1||
EN-9789264034297-6107241e.pdf||||||[GeographicalAreas]: Australia|1||
EN-9789264034297-6107241e.pdf||||||[Topics]: service industry|1||
EN-9789264034297-6107241e.pdf||||||[Topics]: gross domestic product|1||
EN-9789264034297-6107241e.pdf||||||[Topics]: passengers|1||
EN-9789264034297-6107241e.pdf||||||[Topics]: shares|1||
EN-9789264034297-6107241e.pdf||||||[Topics]: electricity|1||
EN-9789264034297-6107241e.pdf||||||[Topics]: fuels|1||
EN-9789264034297-6107241e.pdf||||||[Topics]: manufacturing|1||
EN-9789264034297-6107241e.pdf||||||[Topics]: freight|1||
EN-9789264034297-6107241e.pdf||||||[Topics]: transport|1||
EN-9789264034297-6107241e.pdf||||||[Topics]: energy consumption|1||
EN-9789264034297-6107241e.pdf||||||[Topics]: energy conservation|1||
EN-9789264034297-6107241e.pdf||||||[Topics]: trends|1||
EN-9789264034297-6107241e.pdf||||||[Topics]: energy efficiency|1||
EN-9789264034297-6107241e.pdf||||||[Topics]: energy|1||
EN-9789264034297-6107241e.pdf||||||[Topics]: energy utilisation|1||
|||||||||
EN-9789264014688-4306051e.pdf|[Topics]: regional cooperation|1|||||||
EN-9789264014688-4306051e.pdf|[Topics]: economic policy|1|||||||
EN-9789264014688-4306051e.pdf|||[GeographicalAreas]: OECD countries|1|||||
EN-9789264014688-4306051e.pdf|||[GeographicalAreas]: East Asia|1|||||
EN-9789264014688-4306051e.pdf||||||[GeographicalAreas]: World|1||
EN-9789264014688-4306051e.pdf||||||[GeographicalAreas]: China|1||
EN-9789264014688-4306051e.pdf||||||[GeographicalAreas]: Republic of Korea|1||
EN-9789264014688-4306051e.pdf||||||[GeographicalAreas]: Asia and the Pacific|1||
EN-9789264014688-4306051e.pdf||||||[GeographicalAreas]: Asia|1||
EN-9789264014688-4306051e.pdf||||||[GeographicalAreas]: Viet Nam|1||
EN-9789264014688-4306051e.pdf||||||[GeographicalAreas]: Japan|1||
EN-9789264014688-4306051e.pdf||||||[GeographicalAreas]: Developing countries|1||
EN-9789264014688-4306051e.pdf||||||[GeographicalAreas]: Thailand|1||
EN-9789264014688-4306051e.pdf||||||[GeographicalAreas]: Latin America|1||
EN-9789264014688-4306051e.pdf||||||[GeographicalAreas]: Chinese Taipei|1||
EN-9789264014688-4306051e.pdf||||||[GeographicalAreas]: ASEAN countries|1||
EN-9789264014688-4306051e.pdf||||||[GeographicalAreas]: Newly industrializing countries|1||
EN-9789264014688-4306051e.pdf||||||[Topics]: banks|1||
EN-9789264014688-4306051e.pdf||||||[Topics]: development policy|1||
EN-9789264014688-4306051e.pdf||||||[Topics]: paper|1||
EN-9789264014688-4306051e.pdf||||||[Topics]: government|1||
EN-9789264014688-4306051e.pdf||||||[Topics]: development aid|1||
EN-9789264014688-4306051e.pdf||||||[Topics]: economic growth|1||
EN-9789264014688-4306051e.pdf||||||[Topics]: poverty|1||
EN-9789264014688-4306051e.pdf||||||[Topics]: policy coherence for development|1||
EN-9789264014688-4306051e.pdf||||||[Topics]: investment|1||
EN-9789264014688-4306051e.pdf||||||[Topics]: economic development|1||
EN-9789264014688-4306051e.pdf||||||[Topics]: official development assistance|1||
EN-9789264014688-4306051e.pdf||||||[Topics]: development centres|1||
EN-9789264014688-4306051e.pdf||||||[Topics]: trade|1||
EN-9789264014688-4306051e.pdf||||||[Topics]: foreign direct investment|1||
EN-9789264014688-4306051e.pdf||||||[Topics]: crisis|1||
|||||||||
EN-9789264106055-2604011e.pdf|||[GeographicalAreas]: OECD countries|1|||||
EN-9789264106055-2604011e.pdf|||[Topics]: surveys|1|||||
EN-9789264106055-2604011e.pdf|||[Topics]: corporate governance|1|||||
EN-9789264106055-2604011e.pdf||||||[GeographicalAreas]: France|1||
EN-9789264106055-2604011e.pdf||||||[GeographicalAreas]: Italy|1||
EN-9789264106055-2604011e.pdf||||||[GeographicalAreas]: Southeast Europe|1||
EN-9789264106055-2604011e.pdf||||||[GeographicalAreas]: United States|1||
EN-9789264106055-2604011e.pdf||||||[GeographicalAreas]: Germany|1||
EN-9789264106055-2604011e.pdf||||||[GeographicalAreas]: United Kingdom|1||
EN-9789264106055-2604011e.pdf||||||[GeographicalAreas]: Australia|1||
EN-9789264106055-2604011e.pdf||||||[GeographicalAreas]: Europe|1||
EN-9789264106055-2604011e.pdf||||||[GeographicalAreas]: Japan|1||
EN-9789264106055-2604011e.pdf||||||[GeographicalAreas]: Republic of Korea|1||
EN-9789264106055-2604011e.pdf||||||[GeographicalAreas]: Belgium|1||
EN-9789264106055-2604011e.pdf||||||[GeographicalAreas]: Czech Republic|1||
EN-9789264106055-2604011e.pdf||||||[GeographicalAreas]: OECD area|1||
EN-9789264106055-2604011e.pdf||||||[GeographicalAreas]: Netherlands|1||
EN-9789264106055-2604011e.pdf||||||[Topics]: employees|1||
EN-9789264106055-2604011e.pdf||||||[Topics]: investors|1||
EN-9789264106055-2604011e.pdf||||||[Topics]: interest|1||
EN-9789264106055-2604011e.pdf||||||[Topics]: IT governance|1||
EN-9789264106055-2604011e.pdf||||||[Topics]: auditors|1||
EN-9789264106055-2604011e.pdf||||||[Topics]: auditing|1||
EN-9789264106055-2604011e.pdf||||||[Topics]: reports|1||
EN-9789264106055-2604011e.pdf||||||[Topics]: management|1||
EN-9789264106055-2604011e.pdf||||||[Topics]: enterprises|1||
EN-9789264106055-2604011e.pdf||||||[Topics]: financial market|1||
EN-9789264106055-2604011e.pdf||||||[Topics]: law|1||
EN-9789264106055-2604011e.pdf||||||[Topics]: codes|1||
EN-9789264106055-2604011e.pdf||||||[Topics]: shareholders|1||
|||||||||
EN-9789264099906-2303031e.pdf|[Topics]: taxation|1|||||||
EN-9789264099906-2303031e.pdf|||[GeographicalAreas]: OECD countries|1|||||
EN-9789264099906-2303031e.pdf|||[Topics]: conventions|1|||||
EN-9789264099906-2303031e.pdf|||[Topics]: tax agreements|1|||||
EN-9789264099906-2303031e.pdf||||||[GeographicalAreas]: France|1||
EN-9789264099906-2303031e.pdf||||||[GeographicalAreas]: Paris|1||
EN-9789264099906-2303031e.pdf||||||[GeographicalAreas]: Czech Republic|1||
EN-9789264099906-2303031e.pdf||||||[GeographicalAreas]: Southeast Europe|1||
EN-9789264099906-2303031e.pdf||||||[GeographicalAreas]: Economies in transition|1||
EN-9789264099906-2303031e.pdf||||||[GeographicalAreas]: Spain|1||
EN-9789264099906-2303031e.pdf||||||[GeographicalAreas]: Greece|1||
EN-9789264099906-2303031e.pdf||||||[GeographicalAreas]: New Zealand|1||
EN-9789264099906-2303031e.pdf||||||[GeographicalAreas]: Ottawa|1||
EN-9789264099906-2303031e.pdf||||||[GeographicalAreas]: Non-OECD countries|1||
EN-9789264099906-2303031e.pdf||||||[GeographicalAreas]: United States|1||
EN-9789264099906-2303031e.pdf||||||[GeographicalAreas]: Switzerland|1||
EN-9789264099906-2303031e.pdf||||||[GeographicalAreas]: Slovak Republic|1||
EN-9789264099906-2303031e.pdf||||||[GeographicalAreas]: United Kingdom|1||
EN-9789264099906-2303031e.pdf||||||[Topics]: electronic commerce|1||
EN-9789264099906-2303031e.pdf||||||[Topics]: offices|1||
EN-9789264099906-2303031e.pdf||||||[Topics]: international agreements|1||
EN-9789264099906-2303031e.pdf||||||[Topics]: products|1||
EN-9789264099906-2303031e.pdf||||||[Topics]: reports|1||
EN-9789264099906-2303031e.pdf||||||[Topics]: income|1||
EN-9789264099906-2303031e.pdf||||||[Topics]: contracting|1||
EN-9789264099906-2303031e.pdf||||||[Topics]: contracts|1||
EN-9789264099906-2303031e.pdf||||||[Topics]: enterprises|1||
EN-9789264099906-2303031e.pdf||||||[Topics]: state|1||
EN-9789264099906-2303031e.pdf||||||[Topics]: articles|1||
EN-9789264099906-2303031e.pdf||||||[Topics]: business|1||
EN-9789264099906-2303031e.pdf||||||[Topics]: permanent establishment|1||
|||||||||
